Mean,Standard_Deviation,Variance,Port
-0.76913,5.5906,31.255,Port 1
-0.77444,5.5941,31.293,Port 1
-0.77676,5.6246,31.636,Port 1
-0.78946,5.618,31.561,Port 1
-0.78815,5.5884,31.23,Port 1
-0.77146,5.6126,31.501,Port 1
-0.79145,5.5983,31.341,Port 1
-0.78543,5.6144,31.522,Port 1
-0.77034,5.6051,31.418,Port 1
-0.76608,5.6106,31.479,Port 1
-0.76727,5.5983,31.341,Port 1
-0.78428,5.5848,31.19,Port 1
-0.77975,5.6092,31.463,Port 1
-0.78944,5.6085,31.455,Port 1
-0.79478,5.6122,31.497,Port 1
-0.79721,5.6111,31.484,Port 1
-0.78512,5.6069,31.437,Port 1
-0.7891,5.6034,31.398,Port 1
-0.79217,5.6199,31.583,Port 1
-0.78215,5.6038,31.402,Port 1
-0.78305,5.6024,31.387,Port 1
-0.79595,5.603,31.394,Port 1
-0.79204,5.6112,31.486,Port 1
-0.79551,5.6103,31.475,Port 1
-0.797,5.5884,31.231,Port 1
-0.78005,5.6118,31.492,Port 1
-0.77503,5.6027,31.39,Port 1
-0.78939,5.6027,31.391,Port 1
-0.79497,5.6202,31.586,Port 1
-0.78784,5.6104,31.476,Port 1
-0.79944,5.6277,31.671,Port 1
-0.80451,5.6103,31.475,Port 1
-0.7993,5.6094,31.465,Port 1
-0.79048,5.5998,31.357,Port 1
-0.79484,5.6165,31.545,Port 1
-0.79008,5.5961,31.316,Port 1
-0.78217,5.5852,31.195,Port 1
-0.77936,5.6118,31.492,Port 1
-0.79725,5.6274,31.668,Port 1
-0.78821,5.6008,31.369,Port 1
-0.77694,5.6082,31.452,Port 1
-0.7823,5.6111,31.485,Port 1
-0.79368,5.5912,31.261,Port 1
-0.7902,5.6137,31.514,Port 1
-0.79411,5.6001,31.361,Port 1
-0.77873,5.5936,31.289,Port 1
-0.79404,5.6111,31.484,Port 1
-0.79405,5.598,31.337,Port 1
-0.77862,5.6082,31.452,Port 1
-0.78706,5.621,31.596,Port 1
-0.79301,5.6083,31.453,Port 1
-0.79742,5.6042,31.407,Port 1
-0.79962,5.6058,31.425,Port 1
-0.79765,5.5892,31.24,Port 1
-0.79988,5.6074,31.443,Port 1
-0.78242,5.6117,31.492,Port 1
-0.79031,5.6102,31.474,Port 1
-0.77726,5.5917,31.267,Port 1
-0.80071,5.6104,31.476,Port 1
-0.78911,5.6052,31.418,Port 1
-0.79406,5.6124,31.499,Port 1
-0.79144,5.6135,31.511,Port 1
-0.78286,5.6012,31.374,Port 1
-0.7874,5.6125,31.5,Port 1
-0.7944,5.6039,31.404,Port 1
-0.7972,5.6129,31.505,Port 1
-0.79833,5.6158,31.537,Port 1
-0.78175,5.6134,31.51,Port 1
-0.79364,5.6101,31.473,Port 1
-0.80114,5.6001,31.361,Port 1
-0.78557,5.5922,31.273,Port 1
-0.8066,5.6143,31.521,Port 1
-0.78006,5.5991,31.35,Port 1
-0.78652,5.6071,31.439,Port 1
-0.77673,5.6062,31.43,Port 1
-0.7995,5.6043,31.408,Port 1
-0.79586,5.609,31.461,Port 1
-0.78188,5.6081,31.451,Port 1
-0.78916,5.6138,31.515,Port 1
-0.78514,5.5863,31.206,Port 1
-0.79335,5.5923,31.274,Port 1
-0.80693,5.5938,31.29,Port 1
-0.80724,5.6055,31.422,Port 1
-0.78772,5.5906,31.255,Port 1
-0.79251,5.6145,31.522,Port 1
-0.79247,5.6116,31.49,Port 1
-0.79234,5.6011,31.372,Port 1
-0.79261,5.5939,31.292,Port 1
-0.80583,5.5993,31.352,Port 1
-0.79421,5.5991,31.35,Port 1
-0.79723,5.6021,31.384,Port 1
-0.80831,5.601,31.371,Port 1
-0.78728,5.5988,31.346,Port 1
-0.79369,5.5881,31.226,Port 1
-0.80677,5.5943,31.296,Port 1
-0.78882,5.5939,31.292,Port 1
-0.79539,5.6039,31.403,Port 1
-0.79158,5.6135,31.511,Port 1
-0.79043,5.6105,31.478,Port 1
-0.80299,5.6028,31.391,Port 1
-0.79093,5.6095,31.467,Port 1
-0.77801,5.6127,31.503,Port 1
-0.79987,5.6026,31.39,Port 1
-0.79157,5.5883,31.229,Port 1
-0.80113,5.6272,31.665,Port 1
-0.78789,5.6053,31.419,Port 1
-0.77928,5.6129,31.504,Port 1
-0.78638,5.5904,31.253,Port 1
-0.76811,5.5956,31.31,Port 1
-0.78767,5.6015,31.377,Port 1
-0.78252,5.5845,31.187,Port 1
-0.7837,5.6116,31.49,Port 1
-0.78909,5.5921,31.272,Port 1
-0.78417,5.5977,31.334,Port 1
-0.79093,5.6085,31.455,Port 1
-0.77603,5.612,31.495,Port 1
-0.77676,5.5872,31.217,Port 1
-0.7931,5.6091,31.463,Port 1
-0.79329,5.6267,31.66,Port 1
-0.78664,5.5969,31.326,Port 1
-0.7863,5.5918,31.268,Port 1
-0.79786,5.6141,31.518,Port 1
-0.79235,5.602,31.382,Port 1
-0.80235,5.6197,31.582,Port 1
-0.79116,5.6059,31.426,Port 1
-0.8009,5.5922,31.273,Port 1
-0.78584,5.6024,31.387,Port 1
-0.79631,5.6043,31.408,Port 1
-0.78459,5.6129,31.505,Port 1
-0.79366,5.6107,31.48,Port 1
-0.79359,5.6078,31.447,Port 1
-0.78849,5.6002,31.362,Port 1
-0.79639,5.6123,31.498,Port 1
-0.79746,5.5874,31.219,Port 1
-0.77541,5.5991,31.35,Port 1
-0.8072,5.6014,31.376,Port 1
-0.79212,5.6135,31.511,Port 1
-0.79869,5.6084,31.454,Port 1
-0.78688,5.6125,31.5,Port 1
-0.80209,5.6208,31.594,Port 1
-0.79267,5.5975,31.332,Port 1
-0.80363,5.608,31.45,Port 1
-0.81101,5.6086,31.456,Port 1
-0.79294,5.6065,31.433,Port 1
-0.79146,5.6092,31.464,Port 1
-0.78309,5.5853,31.195,Port 1
-0.78705,5.6116,31.49,Port 1
-0.78173,5.6129,31.504,Port 1
-0.77437,5.5843,31.185,Port 1
-0.75692,5.5911,31.261,Port 1
-0.76711,5.5904,31.253,Port 1
-0.76668,5.5907,31.256,Port 1
-0.7913,5.6112,31.485,Port 1
-0.8219,5.6061,31.428,Port 1
-0.79643,5.6118,31.492,Port 1
-0.80994,5.6019,31.381,Port 1
-0.79716,5.5897,31.244,Port 1
-0.79852,5.6118,31.492,Port 1
-0.79644,5.6049,31.415,Port 1
-0.80174,5.588,31.225,Port 1
-0.8163,5.6062,31.429,Port 1
-0.8013,5.6014,31.375,Port 1
-0.80267,5.6047,31.412,Port 1
-0.79086,5.6046,31.411,Port 1
-0.78746,5.5951,31.305,Port 1
-0.8003,5.5993,31.353,Port 1
-0.79545,5.5891,31.238,Port 1
-0.78412,5.5931,31.282,Port 1
-0.7777,5.5907,31.256,Port 1
-0.79848,5.6101,31.473,Port 1
-0.79392,5.601,31.371,Port 1
-0.78697,5.6045,31.41,Port 1
-0.78884,5.601,31.371,Port 1
-0.79002,5.5938,31.291,Port 1
-0.79448,5.5943,31.296,Port 1
-0.7964,5.588,31.226,Port 1
-0.79575,5.6133,31.509,Port 1
-0.78969,5.5942,31.295,Port 1
-0.79654,5.604,31.404,Port 1
-0.79835,5.5922,31.273,Port 1
-0.78539,5.6046,31.412,Port 1
-0.7894,5.6109,31.483,Port 1
-0.78385,5.5912,31.261,Port 1
-0.78263,5.5916,31.266,Port 1
-0.78346,5.5934,31.287,Port 1
-0.78829,5.6034,31.399,Port 1
-0.79022,5.6105,31.478,Port 1
-0.79977,5.61,31.472,Port 1
-0.78227,5.6118,31.493,Port 1
-0.79033,5.5881,31.227,Port 1
-0.79117,5.6222,31.61,Port 1
-0.78056,5.5953,31.308,Port 1
-0.78513,5.5909,31.258,Port 1
-0.78426,5.6265,31.658,Port 1
-0.7835,5.6135,31.512,Port 1
-0.78995,5.6018,31.38,Port 1
-0.7872,5.6047,31.412,Port 1
-0.78255,5.5902,31.251,Port 1
-0.7718,5.6086,31.457,Port 1
-0.78872,5.5942,31.295,Port 1
-0.77698,5.5914,31.263,Port 1
-0.79245,5.6081,31.451,Port 1
-0.792,5.6241,31.631,Port 1
-0.78808,5.6131,31.507,Port 1
-0.77989,5.6102,31.474,Port 1
-0.79298,5.6134,31.51,Port 1
-0.78424,5.5876,31.221,Port 1
-0.79616,5.5969,31.325,Port 1
-0.79281,5.5944,31.297,Port 1
-0.78255,5.6096,31.467,Port 1
-0.77713,5.6117,31.491,Port 1
-0.77685,5.6034,31.398,Port 1
-0.7819,5.6117,31.491,Port 1
-0.78414,5.6003,31.363,Port 1
-0.77638,5.6005,31.366,Port 1
-0.78885,5.6013,31.374,Port 1
-0.78794,5.6107,31.48,Port 1
-0.8017,5.5957,31.312,Port 1
-0.78662,5.5998,31.358,Port 1
-0.77477,5.5975,31.333,Port 1
-0.79081,5.5981,31.339,Port 1
-0.7998,5.6118,31.492,Port 1
-0.78654,5.5934,31.286,Port 1
-0.77924,5.5954,31.309,Port 1
-0.77951,5.5948,31.301,Port 1
-0.78654,5.609,31.461,Port 1
-0.78805,5.6107,31.48,Port 1
-0.78726,5.6022,31.385,Port 1
-0.7984,5.6021,31.383,Port 1
-0.80138,5.613,31.505,Port 1
-0.78566,5.5936,31.288,Port 1
-0.79669,5.5998,31.357,Port 1
-0.79265,5.6109,31.482,Port 1
-0.784,5.6098,31.47,Port 1
-0.78654,5.6067,31.435,Port 1
-0.77914,5.6083,31.453,Port 1
-0.78472,5.5879,31.224,Port 1
-0.79339,5.5918,31.269,Port 1
-0.79289,5.5913,31.262,Port 1
-0.7919,5.6117,31.491,Port 1
-0.79926,5.6122,31.497,Port 1
-0.78784,5.5885,31.232,Port 1
-0.78751,5.6119,31.494,Port 1
-0.78809,5.5843,31.184,Port 1
-0.7892,5.6134,31.51,Port 1
-0.80197,5.6116,31.49,Port 1
-0.78902,5.5965,31.321,Port 1
-0.7903,5.5998,31.357,Port 1
-0.78903,5.5967,31.323,Port 1
-0.79114,5.61,31.473,Port 1
-0.78462,5.5976,31.333,Port 1
-0.78511,5.6028,31.391,Port 1
-0.80063,5.5885,31.231,Port 1
-0.80887,5.6108,31.481,Port 1
-0.79797,5.6068,31.436,Port 1
-0.80581,5.601,31.371,Port 1
-0.78072,5.5821,31.16,Port 1
-0.79531,5.6112,31.486,Port 1
-0.78208,5.6123,31.498,Port 1
-0.79607,5.6229,31.617,Port 1
-0.78046,5.599,31.349,Port 1
-0.78802,5.5909,31.259,Port 1
-0.78446,5.6,31.36,Port 1
-0.7923,5.5864,31.208,Port 1
-0.78127,5.607,31.438,Port 1
-0.79839,5.6114,31.488,Port 1
-0.7913,5.606,31.428,Port 1
-0.77804,5.6081,31.451,Port 1
-0.78108,5.5912,31.262,Port 1
-0.7784,5.6067,31.435,Port 1
-0.79106,5.5817,31.155,Port 1
-0.79311,5.6032,31.396,Port 1
-0.7855,5.6085,31.455,Port 1
-0.78666,5.6074,31.443,Port 1
-0.77109,5.6117,31.491,Port 1
-0.79291,5.6117,31.491,Port 1
-0.79001,5.5858,31.201,Port 1
-0.7902,5.5988,31.346,Port 1
-0.77984,5.6127,31.503,Port 1
-0.78932,5.6023,31.386,Port 1
-0.79739,5.6072,31.441,Port 1
-0.79437,5.6012,31.374,Port 1
-0.80245,5.6128,31.504,Port 1
-0.78136,5.5978,31.335,Port 1
-0.78347,5.5822,31.161,Port 1
-0.79556,5.6095,31.466,Port 1
-0.79181,5.6117,31.491,Port 1
-0.79088,5.6133,31.509,Port 1
-0.80449,5.6117,31.491,Port 1
-0.80733,5.623,31.618,Port 1
-0.78364,5.6073,31.441,Port 1
-0.78797,5.6096,31.468,Port 1
-0.79482,5.5869,31.213,Port 1
-0.78119,5.6085,31.455,Port 1
-0.79021,5.6126,31.501,Port 1
-0.79896,5.6074,31.442,Port 1
-0.78049,5.6107,31.48,Port 1
-0.78085,5.596,31.315,Port 1
-0.77604,5.6012,31.373,Port 1
-0.7969,5.6025,31.388,Port 1
-0.77528,5.5879,31.225,Port 1
-0.77714,5.6103,31.476,Port 1
-0.79112,5.6106,31.479,Port 1
-0.78137,5.598,31.338,Port 1
-0.77715,5.6078,31.447,Port 1
-0.78473,5.6074,31.442,Port 1
-0.78975,5.6155,31.534,Port 1
-0.77932,5.5957,31.312,Port 1
-0.80293,5.6163,31.543,Port 1
-0.78893,5.5863,31.207,Port 1
-0.79237,5.5854,31.197,Port 1
-0.79029,5.6132,31.507,Port 1
-0.78066,5.6115,31.489,Port 1
-0.77495,5.599,31.349,Port 1
-0.79235,5.6055,31.422,Port 1
-0.77501,5.6034,31.398,Port 1
-0.79963,5.6137,31.514,Port 1
-0.79732,5.6015,31.377,Port 1
-0.79208,5.592,31.271,Port 1
-0.79172,5.6059,31.426,Port 1
-0.7966,5.5923,31.274,Port 1
-0.79059,5.6125,31.5,Port 1
-0.80135,5.6123,31.498,Port 1
-0.7951,5.6109,31.483,Port 1
-0.78362,5.5872,31.217,Port 1
-0.80176,5.6067,31.435,Port 1
-0.78965,5.6109,31.482,Port 1
-0.77846,5.5886,31.233,Port 1
-0.78283,5.5859,31.202,Port 1
-0.78272,5.588,31.226,Port 1
-0.78207,5.6104,31.477,Port 1
-0.77948,5.6126,31.502,Port 1
-0.78947,5.589,31.237,Port 1
-0.78629,5.6069,31.437,Port 1
-0.77949,5.5904,31.253,Port 1
-0.77965,5.6028,31.391,Port 1
-0.78354,5.5878,31.223,Port 1
-0.77572,5.6113,31.487,Port 1
-0.79151,5.6084,31.454,Port 1
-0.787,5.6124,31.499,Port 1
-0.78908,5.5967,31.323,Port 1
-0.79334,5.6107,31.48,Port 1
-0.78128,5.5996,31.356,Port 1
-0.78155,5.6001,31.361,Port 1
-0.78842,5.6104,31.477,Port 1
-0.77693,5.591,31.259,Port 1
-0.79749,5.5904,31.253,Port 1
-0.78991,5.6136,31.513,Port 1
-0.79222,5.5934,31.286,Port 1
-0.78886,5.6022,31.384,Port 1
-0.78571,5.5952,31.306,Port 1
-0.78621,5.6104,31.476,Port 1
-0.78346,5.5965,31.32,Port 1
-0.78623,5.6098,31.47,Port 1
-0.79425,5.6116,31.49,Port 1
-0.7915,5.6041,31.406,Port 1
-0.79391,5.6069,31.438,Port 1
-0.80076,5.6099,31.471,Port 1
-0.79481,5.6101,31.473,Port 1
-0.80874,5.6284,31.679,Port 1
-0.78879,5.6131,31.507,Port 1
-0.78527,5.6055,31.421,Port 1
-0.7811,5.6088,31.459,Port 1
-0.79118,5.6128,31.504,Port 1
-0.784,5.6077,31.447,Port 1
-0.79211,5.6116,31.49,Port 1
-0.78842,5.6031,31.395,Port 1
-0.78831,5.5934,31.286,Port 1
-0.78332,5.5881,31.227,Port 1
-0.79654,5.611,31.483,Port 1
-0.78741,5.5996,31.355,Port 1
-0.78463,5.6115,31.489,Port 1
-0.78846,5.6173,31.554,Port 1
-0.76118,5.5973,31.33,Port 1
-0.79755,5.6084,31.455,Port 1
-0.77738,5.5947,31.3,Port 1
-0.76774,5.5923,31.274,Port 1
-0.77988,5.5851,31.193,Port 1
-0.78191,5.6112,31.486,Port 1
-0.7788,5.5909,31.259,Port 1
-0.78191,5.585,31.193,Port 1
-0.78608,5.5967,31.322,Port 1
-0.78217,5.5992,31.351,Port 1
-0.7943,5.5863,31.207,Port 1
-0.78734,5.6037,31.401,Port 1
-0.80353,5.5928,31.28,Port 1
-0.78173,5.6086,31.456,Port 1
-0.79983,5.6099,31.471,Port 1
-0.78398,5.5912,31.261,Port 1
-0.78859,5.6003,31.363,Port 1
-0.80388,5.6205,31.59,Port 1
-0.78407,5.593,31.281,Port 1
-0.78382,5.5974,31.331,Port 1
-0.79191,5.5961,31.316,Port 1
-0.80207,5.6118,31.493,Port 1
-0.80607,5.6106,31.479,Port 1
-0.78598,5.5993,31.352,Port 1
-0.78795,5.6136,31.512,Port 1
-0.78754,5.6067,31.435,Port 1
-0.79072,5.6042,31.407,Port 1
-0.80161,5.6067,31.436,Port 1
-0.79196,5.6105,31.477,Port 1
-0.80669,5.5986,31.344,Port 1
-0.80452,5.5935,31.288,Port 1
-0.80349,5.6123,31.498,Port 1
-0.8052,5.5954,31.308,Port 1
-0.78327,5.6137,31.514,Port 1
-0.78278,5.5922,31.272,Port 1
-0.77511,5.6119,31.493,Port 1
-0.77764,5.5933,31.285,Port 1
-0.81172,5.6208,31.593,Port 1
-0.80019,5.5935,31.287,Port 1
-0.81784,5.6065,31.433,Port 1
-0.80497,5.5908,31.257,Port 1
-0.79917,5.6118,31.493,Port 1
-0.80457,5.5971,31.328,Port 1
-0.79582,5.5856,31.199,Port 1
-0.80359,5.5966,31.322,Port 1
-0.80376,5.6097,31.469,Port 1
-0.78142,5.6148,31.526,Port 1
-0.79322,5.6035,31.399,Port 1
-0.79447,5.5955,31.309,Port 1
-0.79998,5.5986,31.344,Port 1
-0.79472,5.6114,31.488,Port 1
-0.80194,5.6114,31.488,Port 1
-0.79921,5.6073,31.441,Port 1
-0.78979,5.5888,31.234,Port 1
-0.79397,5.601,31.372,Port 1
-0.79174,5.6104,31.476,Port 1
-0.81173,5.5868,31.213,Port 1
-0.79575,5.5983,31.341,Port 1
-0.79648,5.6121,31.496,Port 1
-0.80721,5.5844,31.186,Port 1
-0.79437,5.5905,31.254,Port 1
-0.80511,5.6021,31.383,Port 1
-0.79019,5.5964,31.319,Port 1
-0.80292,5.5973,31.33,Port 1
-0.80298,5.6021,31.384,Port 1
-0.79991,5.6134,31.511,Port 1
-0.79165,5.5814,31.152,Port 1
-0.79934,5.6072,31.441,Port 1
-0.785,5.6031,31.394,Port 1
-0.80987,5.6092,31.463,Port 1
-0.79389,5.5942,31.295,Port 1
-0.78725,5.598,31.338,Port 1
-0.79139,5.6017,31.379,Port 1
-0.79348,5.6007,31.367,Port 1
-0.78375,5.6005,31.365,Port 1
-0.79384,5.5979,31.336,Port 1
-0.77988,5.6103,31.476,Port 1
-0.79423,5.5943,31.296,Port 1
-0.79623,5.6022,31.385,Port 1
-0.79434,5.6171,31.552,Port 1
-0.80906,5.6182,31.564,Port 1
-0.79558,5.6086,31.457,Port 1
-0.79115,5.599,31.348,Port 1
-0.78125,5.6025,31.388,Port 1
-0.78321,5.6117,31.491,Port 1
-0.78197,5.6027,31.39,Port 1
-0.78336,5.6118,31.493,Port 1
-0.77371,5.6105,31.478,Port 1
-0.78693,5.605,31.416,Port 1
-0.78777,5.6084,31.454,Port 1
-0.79404,5.6244,31.633,Port 1
-0.79179,5.6194,31.578,Port 1
-0.78376,5.5887,31.234,Port 1
-0.7935,5.5906,31.254,Port 1
-0.78428,5.6095,31.466,Port 1
-0.79096,5.5942,31.295,Port 1
-0.79171,5.5914,31.263,Port 1
-0.79551,5.6242,31.631,Port 1
-0.76978,5.5894,31.242,Port 1
-0.78067,5.5947,31.301,Port 1
-0.78357,5.5964,31.319,Port 1
-0.79639,5.6117,31.491,Port 1
-0.80479,5.6143,31.521,Port 1
-0.79542,5.6123,31.498,Port 1
-0.78506,5.5845,31.187,Port 1
-0.76535,5.5858,31.201,Port 1
-0.78594,5.6018,31.38,Port 1
-0.78415,5.6113,31.486,Port 1
-0.78059,5.593,31.282,Port 1
-0.79566,5.6152,31.531,Port 1
-0.77808,5.6001,31.361,Port 1
-0.78592,5.6146,31.523,Port 1
-0.79323,5.6133,31.51,Port 1
-0.78661,5.5917,31.267,Port 1
-0.7976,5.5927,31.279,Port 1
-0.79311,5.6032,31.396,Port 1
-0.79786,5.6219,31.606,Port 1
-0.77704,5.6044,31.41,Port 1
-0.77783,5.6146,31.524,Port 1
-0.79476,5.6137,31.513,Port 1
-0.78638,5.6135,31.512,Port 1
-0.78144,5.5911,31.261,Port 1
-0.79457,5.6257,31.648,Port 1
-0.78488,5.6113,31.487,Port 1
-0.78898,5.608,31.449,Port 1
-0.79523,5.6133,31.509,Port 1
-0.78511,5.5923,31.273,Port 1
-0.82855,5.7913,33.54,Port 2
-0.82303,5.7898,33.521,Port 2
-0.84226,5.8026,33.67,Port 2
-0.83888,5.808,33.733,Port 2
-0.84667,5.8129,33.79,Port 2
-0.84222,5.7981,33.618,Port 2
-0.83809,5.7984,33.622,Port 2
-0.83836,5.79,33.525,Port 2
-0.84238,5.8088,33.742,Port 2
-0.83484,5.7979,33.615,Port 2
-0.83772,5.808,33.733,Port 2
-0.84687,5.8161,33.827,Port 2
-0.84748,5.8032,33.677,Port 2
-0.82464,5.8061,33.71,Port 2
-0.82137,5.7901,33.525,Port 2
-0.82033,5.7791,33.398,Port 2
-0.8474,5.8028,33.672,Port 2
-0.83113,5.7895,33.518,Port 2
-0.83167,5.7908,33.534,Port 2
-0.83945,5.807,33.721,Port 2
-0.83116,5.8083,33.737,Port 2
-0.83583,5.8131,33.792,Port 2
-0.8399,5.7992,33.63,Port 2
-0.81896,5.7818,33.429,Port 2
-0.83037,5.7805,33.414,Port 2
-0.82409,5.8089,33.743,Port 2
-0.83083,5.8145,33.808,Port 2
-0.83507,5.8094,33.75,Port 2
-0.82821,5.7899,33.523,Port 2
-0.83149,5.8044,33.691,Port 2
-0.83559,5.8031,33.676,Port 2
-0.84468,5.7983,33.62,Port 2
-0.83833,5.7977,33.614,Port 2
-0.83162,5.8112,33.77,Port 2
-0.83502,5.7883,33.505,Port 2
-0.83425,5.7896,33.52,Port 2
-0.83379,5.8028,33.673,Port 2
-0.83023,5.7893,33.516,Port 2
-0.82501,5.7914,33.541,Port 2
-0.84282,5.8075,33.727,Port 2
-0.84556,5.8051,33.699,Port 2
-0.84987,5.7822,33.433,Port 2
-0.83005,5.7871,33.491,Port 2
-0.83429,5.7916,33.542,Port 2
-0.84392,5.8043,33.689,Port 2
-0.83703,5.8095,33.75,Port 2
-0.84276,5.816,33.825,Port 2
-0.83937,5.7983,33.62,Port 2
-0.84038,5.813,33.791,Port 2
-0.83073,5.7896,33.519,Port 2
-0.85148,5.8164,33.831,Port 2
-0.8369,5.797,33.605,Port 2
-0.82637,5.7915,33.541,Port 2
-0.83236,5.8084,33.737,Port 2
-0.83243,5.79,33.525,Port 2
-0.8382,5.8153,33.818,Port 2
-0.82519,5.7905,33.53,Port 2
-0.82768,5.7887,33.509,Port 2
-0.82985,5.7978,33.615,Port 2
-0.83749,5.8132,33.793,Port 2
-0.84101,5.7942,33.573,Port 2
-0.84654,5.7848,33.464,Port 2
-0.82895,5.7857,33.475,Port 2
-0.82938,5.8181,33.851,Port 2
-0.83975,5.7877,33.497,Port 2
-0.83217,5.7896,33.52,Port 2
-0.85194,5.817,33.838,Port 2
-0.83286,5.7922,33.55,Port 2
-0.83348,5.784,33.455,Port 2
-0.81864,5.793,33.559,Port 2
-0.82411,5.7832,33.446,Port 2
-0.8293,5.79,33.524,Port 2
-0.84262,5.8212,33.886,Port 2
-0.82006,5.789,33.512,Port 2
-0.82606,5.7884,33.505,Port 2
-0.83236,5.7938,33.568,Port 2
-0.83366,5.7787,33.393,Port 2
-0.83687,5.7976,33.612,Port 2
-0.8328,5.7944,33.575,Port 2
-0.8207,5.7794,33.402,Port 2
-0.84256,5.7931,33.56,Port 2
-0.8186,5.8001,33.642,Port 2
-0.83741,5.8078,33.73,Port 2
-0.82543,5.7901,33.525,Port 2
-0.84701,5.8139,33.801,Port 2
-0.82846,5.7978,33.614,Port 2
-0.83359,5.8144,33.807,Port 2
-0.83185,5.8169,33.837,Port 2
-0.83619,5.8036,33.682,Port 2
-0.8319,5.7842,33.457,Port 2
-0.8293,5.7925,33.553,Port 2
-0.83906,5.7899,33.523,Port 2
-0.82587,5.7894,33.517,Port 2
-0.82126,5.7884,33.505,Port 2
-0.83435,5.8091,33.745,Port 2
-0.83453,5.82,33.872,Port 2
-0.82308,5.7815,33.426,Port 2
-0.82566,5.7882,33.503,Port 2
-0.82558,5.7787,33.394,Port 2
-0.83698,5.7951,33.583,Port 2
-0.82585,5.8145,33.808,Port 2
-0.84291,5.8135,33.796,Port 2
-0.8224,5.7884,33.506,Port 2
-0.82588,5.8035,33.68,Port 2
-0.83272,5.8071,33.722,Port 2
-0.84731,5.8211,33.886,Port 2
-0.83564,5.8089,33.744,Port 2
-0.83228,5.811,33.768,Port 2
-0.8402,5.782,33.432,Port 2
-0.84156,5.8085,33.739,Port 2
-0.83835,5.8007,33.648,Port 2
-0.81916,5.7869,33.488,Port 2
-0.83596,5.8008,33.649,Port 2
-0.8295,5.7834,33.448,Port 2
-0.83253,5.7849,33.465,Port 2
-0.82438,5.7826,33.439,Port 2
-0.83505,5.7946,33.577,Port 2
-0.82481,5.79,33.524,Port 2
-0.83289,5.783,33.443,Port 2
-0.82867,5.7909,33.534,Port 2
-0.83663,5.8037,33.683,Port 2
-0.83692,5.8073,33.724,Port 2
-0.83639,5.8174,33.842,Port 2
-0.83172,5.814,33.802,Port 2
-0.83996,5.784,33.455,Port 2
-0.84865,5.8126,33.787,Port 2
-0.8383,5.8016,33.659,Port 2
-0.83418,5.7828,33.441,Port 2
-0.85019,5.8045,33.693,Port 2
-0.82556,5.791,33.536,Port 2
-0.8426,5.7805,33.414,Port 2
-0.83585,5.8032,33.677,Port 2
-0.83977,5.8168,33.835,Port 2
-0.84443,5.791,33.536,Port 2
-0.8347,5.7955,33.588,Port 2
-0.8536,5.7956,33.589,Port 2
-0.8244,5.7801,33.41,Port 2
-0.83331,5.7781,33.387,Port 2
-0.83803,5.8114,33.772,Port 2
-0.83821,5.791,33.536,Port 2
-0.83776,5.8167,33.834,Port 2
-0.82084,5.7812,33.423,Port 2
-0.84011,5.8079,33.732,Port 2
-0.84627,5.7961,33.594,Port 2
-0.84027,5.7902,33.527,Port 2
-0.84649,5.8152,33.816,Port 2
-0.83439,5.7944,33.575,Port 2
-0.84668,5.8047,33.694,Port 2
-0.83525,5.8069,33.721,Port 2
-0.82727,5.7849,33.465,Port 2
-0.83983,5.798,33.617,Port 2
-0.82717,5.7905,33.53,Port 2
-0.84747,5.7898,33.522,Port 2
-0.84209,5.7838,33.452,Port 2
-0.82675,5.7898,33.521,Port 2
-0.82606,5.7893,33.516,Port 2
-0.82429,5.7921,33.548,Port 2
-0.83404,5.808,33.733,Port 2
-0.84505,5.8087,33.74,Port 2
-0.83527,5.8138,33.8,Port 2
-0.8383,5.7859,33.476,Port 2
-0.82635,5.7873,33.493,Port 2
-0.83249,5.7843,33.458,Port 2
-0.84518,5.8059,33.709,Port 2
-0.83588,5.797,33.605,Port 2
-0.83525,5.7912,33.538,Port 2
-0.84158,5.7927,33.555,Port 2
-0.83076,5.7774,33.378,Port 2
-0.85061,5.7904,33.528,Port 2
-0.84418,5.8104,33.761,Port 2
-0.84062,5.7889,33.511,Port 2
-0.8407,5.7956,33.589,Port 2
-0.84615,5.7887,33.509,Port 2
-0.83501,5.7737,33.336,Port 2
-0.84468,5.7988,33.627,Port 2
-0.83607,5.7962,33.596,Port 2
-0.84052,5.8076,33.728,Port 2
-0.85483,5.819,33.86,Port 2
-0.84501,5.7904,33.529,Port 2
-0.82084,5.7971,33.606,Port 2
-0.83166,5.8067,33.718,Port 2
-0.84053,5.7975,33.611,Port 2
-0.84353,5.8188,33.859,Port 2
-0.8333,5.8174,33.842,Port 2
-0.84389,5.7899,33.523,Port 2
-0.82678,5.7852,33.468,Port 2
-0.82849,5.7908,33.533,Port 2
-0.83505,5.7912,33.538,Port 2
-0.84423,5.8175,33.843,Port 2
-0.8383,5.7814,33.425,Port 2
-0.83154,5.7907,33.532,Port 2
-0.82216,5.7845,33.46,Port 2
-0.84041,5.7816,33.427,Port 2
-0.84036,5.8056,33.705,Port 2
-0.82985,5.7892,33.514,Port 2
-0.83769,5.7848,33.464,Port 2
-0.83757,5.8166,33.832,Port 2
-0.83855,5.7955,33.588,Port 2
-0.84755,5.8065,33.716,Port 2
-0.83215,5.8198,33.87,Port 2
-0.84359,5.8018,33.661,Port 2
-0.83688,5.7829,33.442,Port 2
-0.83641,5.7905,33.53,Port 2
-0.83679,5.818,33.849,Port 2
-0.82229,5.7875,33.495,Port 2
-0.83978,5.809,33.745,Port 2
-0.83185,5.8022,33.666,Port 2
-0.84203,5.8202,33.875,Port 2
-0.82375,5.7905,33.529,Port 2
-0.84687,5.809,33.744,Port 2
-0.85434,5.8103,33.76,Port 2
-0.8317,5.7916,33.542,Port 2
-0.83714,5.8129,33.79,Port 2
-0.83226,5.8082,33.735,Port 2
-0.82755,5.7916,33.542,Port 2
-0.85424,5.811,33.767,Port 2
-0.84108,5.8222,33.898,Port 2
-0.83273,5.778,33.385,Port 2
-0.82977,5.7958,33.591,Port 2
-0.82232,5.7771,33.375,Port 2
-0.82572,5.807,33.721,Port 2
-0.82869,5.8087,33.742,Port 2
-0.83984,5.7952,33.584,Port 2
-0.8472,5.8073,33.724,Port 2
-0.83653,5.8054,33.703,Port 2
-0.84585,5.8012,33.654,Port 2
-0.83746,5.7926,33.554,Port 2
-0.83038,5.7998,33.638,Port 2
-0.83102,5.7946,33.577,Port 2
-0.83354,5.779,33.396,Port 2
-0.84883,5.82,33.873,Port 2
-0.83271,5.7875,33.495,Port 2
-0.8369,5.7937,33.567,Port 2
-0.83248,5.7976,33.612,Port 2
-0.82646,5.778,33.385,Port 2
-0.82815,5.7899,33.524,Port 2
-0.82374,5.7851,33.468,Port 2
-0.83784,5.7896,33.52,Port 2
-0.8354,5.779,33.397,Port 2
-0.83854,5.7961,33.595,Port 2
-0.8446,5.794,33.571,Port 2
-0.83477,5.7911,33.537,Port 2
-0.83406,5.8061,33.71,Port 2
-0.83252,5.7949,33.581,Port 2
-0.82235,5.7768,33.371,Port 2
-0.82964,5.7939,33.569,Port 2
-0.83398,5.8176,33.845,Port 2
-0.82864,5.8021,33.664,Port 2
-0.84009,5.7964,33.599,Port 2
-0.83277,5.7884,33.506,Port 2
-0.82992,5.7934,33.563,Port 2
-0.83614,5.805,33.698,Port 2
-0.83968,5.8006,33.647,Port 2
-0.84219,5.7945,33.576,Port 2
-0.8319,5.8146,33.81,Port 2
-0.83798,5.8019,33.662,Port 2
-0.82737,5.7917,33.543,Port 2
-0.83565,5.8079,33.732,Port 2
-0.83045,5.7867,33.486,Port 2
-0.84364,5.8123,33.783,Port 2
-0.8373,5.7942,33.572,Port 2
-0.82235,5.8105,33.762,Port 2
-0.82698,5.7875,33.496,Port 2
-0.83771,5.8072,33.724,Port 2
-0.84635,5.8127,33.787,Port 2
-0.82851,5.7831,33.444,Port 2
-0.83569,5.8113,33.771,Port 2
-0.82089,5.7839,33.454,Port 2
-0.82402,5.7893,33.516,Port 2
-0.81871,5.78,33.409,Port 2
-0.83079,5.8025,33.67,Port 2
-0.83542,5.7773,33.377,Port 2
-0.81323,5.7888,33.51,Port 2
-0.83063,5.7956,33.589,Port 2
-0.83794,5.8041,33.687,Port 2
-0.83765,5.8087,33.741,Port 2
-0.83119,5.7885,33.507,Port 2
-0.83002,5.7921,33.548,Port 2
-0.83429,5.8001,33.642,Port 2
-0.83627,5.8141,33.804,Port 2
-0.8417,5.8097,33.753,Port 2
-0.84386,5.8085,33.738,Port 2
-0.83384,5.7945,33.576,Port 2
-0.82985,5.79,33.524,Port 2
-0.8346,5.7832,33.446,Port 2
-0.83208,5.7772,33.376,Port 2
-0.82855,5.8009,33.651,Port 2
-0.82065,5.789,33.512,Port 2
-0.83045,5.7812,33.422,Port 2
-0.8262,5.8024,33.668,Port 2
-0.82431,5.79,33.524,Port 2
-0.83531,5.7898,33.522,Port 2
-0.83646,5.8073,33.725,Port 2
-0.83811,5.7972,33.608,Port 2
-0.83804,5.7782,33.387,Port 2
-0.83383,5.7775,33.38,Port 2
-0.83564,5.7891,33.513,Port 2
-0.82623,5.7896,33.519,Port 2
-0.82487,5.7893,33.516,Port 2
-0.83198,5.7941,33.572,Port 2
-0.84899,5.8162,33.829,Port 2
-0.83393,5.8115,33.773,Port 2
-0.82995,5.8102,33.758,Port 2
-0.82935,5.7799,33.407,Port 2
-0.83175,5.7939,33.57,Port 2
-0.83258,5.7986,33.623,Port 2
-0.83583,5.796,33.593,Port 2
-0.82813,5.7949,33.581,Port 2
-0.83932,5.7873,33.493,Port 2
-0.83428,5.7834,33.448,Port 2
-0.82447,5.7904,33.529,Port 2
-0.82829,5.805,33.698,Port 2
-0.83512,5.821,33.884,Port 2
-0.82848,5.7823,33.435,Port 2
-0.84863,5.8195,33.867,Port 2
-0.82696,5.8061,33.71,Port 2
-0.82288,5.8104,33.76,Port 2
-0.82128,5.7983,33.62,Port 2
-0.83711,5.8105,33.762,Port 2
-0.81863,5.7978,33.615,Port 2
-0.83365,5.7796,33.404,Port 2
-0.83381,5.789,33.513,Port 2
-0.83229,5.8131,33.792,Port 2
-0.83761,5.8133,33.795,Port 2
-0.84075,5.8042,33.689,Port 2
-0.83206,5.7835,33.449,Port 2
-0.84551,5.8061,33.711,Port 2
-0.84674,5.7946,33.578,Port 2
-0.85154,5.8164,33.831,Port 2
-0.85192,5.8111,33.769,Port 2
-0.8387,5.808,33.733,Port 2
-0.83625,5.792,33.548,Port 2
-0.8331,5.7943,33.573,Port 2
-0.83078,5.7822,33.434,Port 2
-0.83313,5.7956,33.59,Port 2
-0.83702,5.7927,33.556,Port 2
-0.83674,5.7902,33.526,Port 2
-0.83118,5.7856,33.473,Port 2
-0.84046,5.7914,33.54,Port 2
-0.84926,5.8121,33.78,Port 2
-0.82713,5.791,33.536,Port 2
-0.84718,5.7877,33.497,Port 2
-0.84005,5.793,33.559,Port 2
-0.83654,5.7812,33.422,Port 2
-0.84392,5.8049,33.697,Port 2
-0.8365,5.8024,33.668,Port 2
-0.85111,5.8081,33.734,Port 2
-0.84584,5.7826,33.439,Port 2
-0.83206,5.8114,33.772,Port 2
-0.83004,5.7848,33.463,Port 2
-0.83471,5.7951,33.583,Port 2
-0.83656,5.8169,33.837,Port 2
-0.82521,5.8165,33.832,Port 2
-0.82498,5.8063,33.713,Port 2
-0.83219,5.7896,33.519,Port 2
-0.83189,5.8057,33.706,Port 2
-0.83626,5.7919,33.546,Port 2
-0.83644,5.7854,33.47,Port 2
-0.83833,5.8017,33.659,Port 2
-0.82127,5.7933,33.563,Port 2
-0.8327,5.7936,33.565,Port 2
-0.83298,5.7935,33.564,Port 2
-0.84149,5.7878,33.499,Port 2
-0.84524,5.7851,33.467,Port 2
-0.85103,5.8185,33.855,Port 2
-0.8471,5.7918,33.544,Port 2
-0.83761,5.7908,33.533,Port 2
-0.83411,5.8046,33.694,Port 2
-0.8321,5.806,33.71,Port 2
-0.83109,5.7964,33.598,Port 2
-0.84599,5.8059,33.708,Port 2
-0.83144,5.7806,33.416,Port 2
-0.84421,5.7911,33.537,Port 2
-0.84887,5.7931,33.56,Port 2
-0.83445,5.8041,33.688,Port 2
-0.82631,5.7905,33.53,Port 2
-0.84261,5.7996,33.635,Port 2
-0.83937,5.8129,33.789,Port 2
-0.84236,5.791,33.535,Port 2
-0.82723,5.7841,33.456,Port 2
-0.82694,5.7912,33.538,Port 2
-0.83986,5.7994,33.633,Port 2
-0.85143,5.8029,33.673,Port 2
-0.83418,5.7922,33.549,Port 2
-0.82637,5.7919,33.547,Port 2
-0.83898,5.8106,33.763,Port 2
-0.84405,5.812,33.779,Port 2
-0.84481,5.8115,33.773,Port 2
-0.83116,5.7813,33.423,Port 2
-0.83759,5.8088,33.742,Port 2
-0.83736,5.8015,33.658,Port 2
-0.83808,5.7928,33.557,Port 2
-0.83331,5.8005,33.646,Port 2
-0.83541,5.8138,33.8,Port 2
-0.84455,5.803,33.675,Port 2
-0.83781,5.7991,33.63,Port 2
-0.83701,5.8215,33.89,Port 2
-0.85285,5.8096,33.751,Port 2
-0.82915,5.788,33.501,Port 2
-0.83606,5.7979,33.615,Port 2
-0.8338,5.8174,33.842,Port 2
-0.83255,5.7949,33.581,Port 2
-0.8316,5.786,33.478,Port 2
-0.82384,5.7942,33.572,Port 2
-0.8208,5.7842,33.457,Port 2
-0.83487,5.8192,33.863,Port 2
-0.8344,5.7806,33.415,Port 2
-0.84692,5.8037,33.683,Port 2
-0.84287,5.7867,33.486,Port 2
-0.83027,5.789,33.512,Port 2
-0.84008,5.79,33.524,Port 2
-0.83057,5.7913,33.539,Port 2
-0.83276,5.8106,33.762,Port 2
-0.84359,5.802,33.664,Port 2
-0.8395,5.8083,33.737,Port 2
-0.82804,5.784,33.454,Port 2
-0.82435,5.7882,33.504,Port 2
-0.83407,5.806,33.71,Port 2
-0.82007,5.78,33.408,Port 2
-0.83769,5.7874,33.494,Port 2
-0.82877,5.7772,33.375,Port 2
-0.83842,5.7945,33.577,Port 2
-0.8368,5.7823,33.435,Port 2
-0.83235,5.7981,33.618,Port 2
-0.84327,5.8001,33.641,Port 2
-0.8239,5.7775,33.38,Port 2
-0.85325,5.8152,33.817,Port 2
-0.84692,5.8118,33.777,Port 2
-0.84108,5.7877,33.498,Port 2
-0.82353,5.7776,33.38,Port 2
-0.82428,5.7922,33.55,Port 2
-0.8496,5.8143,33.806,Port 2
-0.83234,5.8102,33.758,Port 2
-0.83213,5.7931,33.56,Port 2
-0.8274,5.7874,33.494,Port 2
-0.82947,5.7954,33.587,Port 2
-0.83376,5.7844,33.459,Port 2
-0.82579,5.8044,33.691,Port 2
-0.83877,5.7957,33.591,Port 2
-0.83391,5.7852,33.469,Port 2
-0.81112,5.7876,33.497,Port 2
-0.82589,5.7963,33.597,Port 2
-0.84507,5.7975,33.611,Port 2
-0.82761,5.7861,33.479,Port 2
-0.83808,5.7884,33.505,Port 2
-0.83274,5.7882,33.504,Port 2
-0.82675,5.7968,33.603,Port 2
-0.83775,5.8057,33.706,Port 2
-0.83016,5.7963,33.597,Port 2
-0.84404,5.7913,33.54,Port 2
-0.82701,5.7817,33.428,Port 2
-0.83756,5.782,33.431,Port 2
-0.84036,5.7965,33.599,Port 2
-0.83263,5.8035,33.681,Port 2
-0.83561,5.8147,33.811,Port 2
-0.84131,5.8141,33.804,Port 2
-0.83251,5.7865,33.483,Port 2
-0.84542,5.7939,33.57,Port 2
-0.82142,5.7875,33.495,Port 2
-0.82993,5.8008,33.649,Port 2
-0.82662,5.7859,33.477,Port 2
-0.83935,5.7853,33.47,Port 2
-0.83055,5.8037,33.683,Port 2
-0.83473,5.7931,33.56,Port 2
-0.8462,5.7983,33.62,Port 2
-0.84989,5.8111,33.769,Port 2
-0.83662,5.7928,33.556,Port 2
-0.83458,5.7876,33.496,Port 2
-0.83586,5.8208,33.881,Port 2
-0.83485,5.7896,33.52,Port 2
-0.82909,5.7887,33.509,Port 2
-0.84409,5.7887,33.509,Port 2
-0.83994,5.7965,33.599,Port 2
-0.84685,5.7924,33.552,Port 2
-0.83051,5.7961,33.595,Port 2
-0.83655,5.7938,33.569,Port 2
-0.84435,5.7922,33.549,Port 2
-0.83551,5.7825,33.437,Port 2
-0.83317,5.7883,33.505,Port 2
-0.83823,5.7885,33.506,Port 2
-0.84549,5.8145,33.808,Port 2
-0.84326,5.7786,33.392,Port 2
-0.84322,5.7938,33.568,Port 2
-0.83791,5.8197,33.869,Port 2
-0.82333,5.7848,33.464,Port 2
-0.84169,5.8103,33.76,Port 2
-0.83337,5.78,33.408,Port 2
-0.83089,5.7855,33.472,Port 2
-0.83113,5.7949,33.581,Port 2
-0.83918,5.8153,33.818,Port 2
-0.83782,5.7902,33.526,Port 2
-0.83459,5.7907,33.533,Port 2
-0.83927,5.8027,33.671,Port 2
-0.82923,5.8068,33.719,Port 2
-0.83968,5.8197,33.869,Port 2
-0.83665,5.7821,33.432,Port 2
-0.83597,5.7949,33.58,Port 2
-0.84734,5.8034,33.68,Port 2